round,tile,deal_in_count,round_total,rate_%
0,5s,30078,689573,4.361829712010186
0,5m,28665,689573,4.156920297053394
0,5p,28117,689573,4.077450828266188
0,7m,27643,689573,4.008712638110831
0,7s,27582,689573,3.9998665841034957
0,7p,27542,689573,3.994065892951145
0,3m,27369,689573,3.968977903717228
0,3p,27325,689573,3.962597143449642
0,3s,27110,689573,3.9314184285057565
0,2m,25027,689573,3.6293474367470884
0,8s,25019,689573,3.628187298516618
0,8m,24961,689573,3.6197762963457096
0,6s,24899,689573,3.610785225059566
0,6m,24897,689573,3.6104951905019482
0,8p,24889,689573,3.609335052271478
0,4m,24866,689573,3.6059996548588766
0,4p,24669,689573,3.577431250933549
0,4s,24587,689573,3.5655398340712297
0,6p,24521,689573,3.555968693669851
0,2s,24306,689573,3.5247899787259653
0,2p,18617,689573,2.699786679582872
0,1m,17575,689573,2.5486786750641337
0,9p,17268,689573,2.5041583704698414
0,9s,17202,689573,2.4945872300684626
0,1s,17120,689573,2.4826958132061434
0,9m,13092,689573,1.8985662141644177
0,1p,12854,689573,1.8640521018079304
0,中,8466,689573,1.2277162823950474
0,白,8275,689573,1.2000179821425723
0,發,8215,689573,1.191316945414046
0,東,7884,689573,1.1433162261283432
0,北,6441,689573,0.934056292807288
0,西,6279,689573,0.9105634936402672
0,南,6213,689573,0.9009923532388884
1,5s,29641,678663,4.367557977965499
1,5m,28104,678663,4.141083276972518
1,5p,27732,678663,4.086269621299525
1,3p,27030,678663,3.982830948497266
1,7s,26978,678663,3.9751688245859875
1,7m,26921,678663,3.966769957990932
1,3m,26775,678663,3.9452570716246504
1,7p,26687,678663,3.932290400390179
1,3s,26450,678663,3.8973687971791597
1,8m,24989,678663,3.6820925849795847
1,2m,24753,678663,3.6473183303053207
1,8p,24717,678663,3.642013782982128
1,8s,24613,678663,3.626689535159571
1,6p,24560,678663,3.618880062711537
1,4m,24560,678663,3.618880062711537
1,4p,24504,678663,3.6106285446532373
1,2s,24392,678663,3.5941255085366373
1,6s,24306,678663,3.581453534375677
1,6m,24284,678663,3.578211866567059
1,4s,24163,678663,3.560382693619661
1,2p,18396,678663,2.7106236821515246
1,1m,17124,678663,2.5231963433987117
1,9s,17058,678663,2.5134713399728583
1,9p,17048,678663,2.511997854605305
1,1s,16893,678663,2.4891588314082247
1,1p,12831,678663,1.8906290751079697
1,9m,12768,678663,1.8813461172923822
1,中,8153,678663,1.2013326201664154
1,白,7980,678663,1.175841323307739
1,發,7914,678663,1.1661163198818854
1,東,7866,678663,1.1590435901176284
1,北,6266,678663,0.9232859313090591
1,西,6142,678663,0.905014712751395
1,南,6065,678663,0.8936688754212326
2,5s,28674,664018,4.318256432807544
2,5m,27306,664018,4.112237921261171
2,5p,27229,664018,4.100641850070329
2,7m,26605,664018,4.0066684939263695
2,3p,26489,664018,3.9891990879765307
2,7s,26340,664018,3.9667599372306173
2,7p,26318,664018,3.963446774033234
2,3m,26224,664018,3.9492905312807784
2,3s,26135,664018,3.935887280164092
2,2s,24271,664018,3.6551719983494424
2,8m,24238,664018,3.6502022535533674
2,8s,24067,664018,3.624449939610071
2,8p,24045,664018,3.6211367764126874
2,4s,24041,664018,3.6205343831040726
2,6m,24034,664018,3.619480194813996
2,2m,24033,664018,3.619329596486842
2,4m,23833,664018,3.589209931056086
2,6s,23742,664018,3.5755054832850917
2,6p,23741,664018,3.575354884957938
2,4p,23713,664018,3.571138131797632
2,2p,18071,664018,2.721462369995994
2,9p,16867,664018,2.5401419841028408
2,1m,16559,664018,2.4937576993394757
2,9s,16557,664018,2.4934565026851683
2,1s,16437,664018,2.4753847034267142
2,9m,12509,664018,1.8838344743666586
2,1p,12396,664018,1.8668168633982813
2,中,8159,664018,1.2287317512477072
2,白,7990,664018,1.203280633958718
2,發,7914,664018,1.1918351610950306
2,東,7666,664018,1.1544867759608926
2,西,6063,664018,0.9130776575333801
2,北,5971,664018,0.8992226114352322
2,南,5781,664018,0.8706089292760136
3,5s,27851,644324,4.32251475965508
3,5m,26912,644324,4.1767806258962885
3,5p,26391,644324,4.095920685866117
3,3m,25603,644324,3.9736219665882384
3,3s,25459,644324,3.9512729620501488
3,7m,25434,644324,3.9473929265400636
3,7s,25359,644324,3.935752820009809
3,3p,25308,644324,3.9278375475692355
3,7p,25272,644324,3.922250296434713
3,8m,23571,644324,3.6582526803285305
3,2m,23562,644324,3.6568558675448997
3,8p,23382,644324,3.6289196118722877
3,6m,23323,644324,3.6197627280684874
3,8s,23300,644324,3.616193095399209
3,4p,23296,644324,3.6155722897175955
3,2s,23272,644324,3.611847455627914
3,4m,23235,644324,3.606105003072988
3,6s,23005,644324,3.570408676380206
3,6p,22971,644324,3.5651318280864905
3,4s,22951,644324,3.5620277996784226
3,2p,17154,644324,2.6623251655999156
3,1s,16308,644324,2.5310247639386394
3,1m,16195,644324,2.513487003433055
3,9p,16192,644324,2.513021399171845
3,9s,16173,644324,2.5100725721841806
3,1p,12272,644324,1.904631831190519
3,9m,12085,644324,1.8756091655750833
3,中,8070,644324,1.2524754626554342
3,發,7831,644324,1.2153823231790217
3,白,7641,644324,1.1858940533023759
3,東,7437,644324,1.1542329635400823
3,北,5936,644324,0.9212756315145796
3,西,5845,644324,0.9071523022578702
3,南,5728,644324,0.8889937360706726
4,5s,27201,620710,4.3822396932544985
4,5m,25459,620710,4.101593336662853
4,5p,25451,620710,4.100304490019494
4,3m,24888,620710,4.009601907493032
4,3p,24539,620710,3.9533759726764512
4,7s,24512,620710,3.949026115255111
4,3s,24342,620710,3.9216381240837106
4,7m,24317,620710,3.9176104783232106
4,7p,24306,620710,3.9158383141885906
4,2m,22709,620710,3.6585523030078457
4,8m,22611,620710,3.6427639316266855
4,8s,22560,620710,3.6345475342752653
4,6m,22505,620710,3.6256867136021653
4,8p,22417,620710,3.611509400525205
4,2s,22406,620710,3.609737236390585
4,6p,22363,620710,3.6028096856825247
4,4s,22282,620710,3.5897601134185044
4,4m,22272,620710,3.5881490551143047
4,4p,22227,620710,3.5808992927454044
4,6s,22064,620710,3.554639042386944
4,2p,17158,620710,2.7642538383464097
4,9p,15681,620710,2.5263005268160654
4,9s,15584,620710,2.510673261265325
4,1s,15553,620710,2.505678980522305
4,1m,15543,620710,2.504067922218105
4,9m,11676,620710,1.8810716759839539
4,1p,11469,620710,1.8477227690870133
4,中,7610,620710,1.2260153694962221
4,白,7520,620710,1.2115158447584218
4,南,7487,620710,1.2061993523545618
4,發,7403,620710,1.1926664625992816
4,西,5640,620710,0.9086368835688163
4,北,5624,620710,0.9060591902820964
4,東,5331,620710,0.8588551819690354
5,5s,25782,588678,4.3796438800159
5,5p,24491,588678,4.160338928922093
5,5m,24255,588678,4.1202491005269435
5,3m,23497,588678,3.991486007630657
5,7p,23278,588678,3.954284005857192
5,7s,23216,588678,3.943751932295754
5,3s,23080,588678,3.920649319322278
5,3p,23052,588678,3.9158928990042092
5,7m,22918,588678,3.893130030339167
5,8m,21462,588678,3.6457961737995985
5,8s,21374,588678,3.630847424228526
5,8p,21368,588678,3.629828191303225
5,4m,21359,588678,3.6282993419152745
5,6p,21258,588678,3.6111422543393843
5,6m,21245,588678,3.6089339163345664
5,6s,21207,588678,3.6024787744743305
5,2m,21118,588678,3.587360152749041
5,4s,21103,588678,3.58481207043579
5,2s,21073,588678,3.579715905809288
5,4p,20957,588678,3.5600107359201467
5,2p,15993,588678,2.7167653623882666
5,1m,14996,588678,2.5474028246341804
5,9p,14799,588678,2.5139380102534834
5,9s,14699,588678,2.4969507948318097
5,1s,14577,588678,2.476226392017368
5,1p,11206,588678,1.903587360152749
5,9m,11026,588678,1.8730103723937366
5,中,7398,588678,1.2567141968954165
5,發,7198,588678,1.2227397660520691
5,白,7195,588678,1.222230149589419
5,南,7083,588678,1.2032044683171446
5,北,5277,588678,0.8964153578017184
5,西,5271,588678,0.895396124876418
5,東,4867,588678,0.8267677745728564
6,5s,24266,557222,4.3548172900567454
6,5m,23283,557222,4.178406452006561
6,5p,22602,557222,4.056193043347176
6,3s,22109,557222,3.967718431791997
6,3p,22079,557222,3.9623345811902615
6,7m,22048,557222,3.956771268901802
6,3m,22047,557222,3.956591807215078
6,7p,21906,557222,3.931287709386923
6,7s,21780,557222,3.908675536859636
6,8s,20413,557222,3.6633514111072425
6,8m,20350,557222,3.6520453248435993
6,8p,20327,557222,3.6479177060489354
6,6m,20262,557222,3.636252696411843
6,2s,20251,557222,3.6342786178578734
6,6s,20227,557222,3.6299715373764854
6,6p,20200,557222,3.625126071834924
6,2m,20161,557222,3.6181270660526685
6,4m,19867,557222,3.565365330155665
6,4p,19837,557222,3.55998147955393
6,4s,19791,557222,3.551726241964603
6,2p,15124,557222,2.714178550021356
6,9p,13741,557222,2.465983037281371
6,1s,13684,557222,2.455753721138074
6,9s,13669,557222,2.4530617958372067
6,1m,13563,557222,2.43403885704441
6,1p,10589,557222,1.9003198007257431
6,9m,10442,557222,1.8739389327772413
6,中,7176,557222,1.2878170639350206
6,發,7037,557222,1.2628718894803148
6,白,7029,557222,1.2614361959865188
6,南,6767,557222,1.2144172340646995
6,北,5060,557222,0.908076134825976
6,西,4945,557222,0.8874380408526583
6,東,4590,557222,0.8237291420654604
7,5s,22258,498640,4.4637413765442
7,5p,21023,498640,4.216067704155303
7,5m,20937,498640,4.198820792555751
7,7s,19744,498640,3.9595700304829133
7,3p,19717,498640,3.9541553024225893
7,7m,19624,498640,3.935504572437029
7,7p,19599,498640,3.930490935344136
7,3m,19514,498640,3.913444569228301
7,3s,19493,498640,3.909233114070271
7,6p,18734,498640,3.75701909193005
7,6m,18531,498640,3.7163083587357613
7,6s,18506,498640,3.7112947216428687
7,4s,18432,498640,3.6964543558479064
7,4p,18282,498640,3.6663725332905504
7,4m,18193,498640,3.6485239852398523
7,8s,18159,498640,3.6417054387935184
7,2m,18114,498640,3.6326808920263116
7,8m,18104,498640,3.6306754371891543
7,8p,17979,498640,3.6056072517246913
7,2s,17860,498640,3.5817423391625223
7,2p,13732,498640,2.7538905823840847
7,1m,11729,498640,2.352197978501524
7,9p,11603,498640,2.326929247553345
7,9s,11599,498640,2.3261270656184823
7,1s,11491,498640,2.304468153377186
7,1p,8695,498640,1.74374298090807
7,9m,8680,498640,1.7407347986523343
7,中,6799,498640,1.36350874378309
7,發,6679,498640,1.3394432857372052
7,白,6547,498640,1.3129712818867318
7,南,6394,498640,1.2822878228782288
7,西,4107,498640,0.8236403016204075
7,北,4078,498640,0.8178244825926521
7,東,3704,498640,0.7428204716829777
8,7s,762,18182,4.1909580904190955
8,3m,751,18182,4.130458695413046
8,7m,750,18182,4.124958750412496
8,5m,743,18182,4.086459135408646
8,5p,734,18182,4.036959630403696
8,7p,725,18182,3.987460125398746
8,5s,721,18182,3.9654603453965462
8,3p,719,18182,3.954460455395446
8,3s,718,18182,3.948960510394896
8,6p,693,18182,3.811461885381146
8,2m,689,18182,3.7894621053789463
8,6m,687,18182,3.7784622153778464
8,8s,684,18182,3.7619623803761963
8,8m,678,18182,3.728962710372896
8,4m,678,18182,3.728962710372896
8,8p,677,18182,3.7234627653723464
8,4s,651,18182,3.5804641953580463
8,4p,647,18182,3.5584644153558465
8,6s,635,18182,3.4924650753492466
8,2s,617,18182,3.3934660653393465
8,2p,502,18182,2.7609723902760974
8,9s,447,18182,2.4584754152458475
8,9p,446,18182,2.4529754702452977
8,1m,423,18182,2.3264767352326476
8,1s,416,18182,2.2879771202287977
8,1p,329,18182,1.809481905180948
8,9m,308,18182,1.6939830601693984
8,中,241,18182,1.3254867451325487
8,白,239,18182,1.3144868551314486
8,發,233,18182,1.2814871851281486
8,西,224,18182,1.2319876801231988
8,東,145,18182,0.7974920250797493
8,北,143,18182,0.7864921350786492
8,南,127,18182,0.6984930150698493
9,5s,330,7065,4.670912951167728
9,5m,304,7065,4.302901627742392
9,7p,304,7065,4.302901627742392
9,5p,293,7065,4.147204529370135
9,3p,289,7065,4.090587402689313
9,8p,280,7065,3.9631988676574665
9,6m,266,7065,3.765038924274593
9,7m,266,7065,3.765038924274593
9,3s,264,7065,3.7367303609341826
9,3m,261,7065,3.694267515923567
9,6s,260,7065,3.6801132342533616
9,2s,259,7065,3.665958952583156
9,8m,257,7065,3.637650389242746
9,6p,251,7065,3.5527246992215145
9,8s,251,7065,3.5527246992215145
9,4s,249,7065,3.524416135881104
9,2m,247,7065,3.4961075725406934
9,7s,245,7065,3.467799009200283
9,4p,239,7065,3.3828733191790517
9,4m,236,7065,3.340410474168436
9,2p,200,7065,2.8308563340410475
9,9s,183,7065,2.5902335456475583
9,9p,165,7065,2.335456475583864
9,1m,163,7065,2.3071479122434537
9,1s,161,7065,2.278839348903043
9,9m,150,7065,2.1231422505307855
9,1p,141,7065,1.9957537154989384
9,西,105,7065,1.4861995753715498
9,白,90,7065,1.2738853503184713
9,發,86,7065,1.2172682236376504
9,中,83,7065,1.1748053786270347
9,東,72,7065,1.019108280254777
9,南,59,7065,0.835102618542109
9,北,56,7065,0.7926397735314933
10,5s,137,2973,4.608139926000673
10,8m,126,2973,4.238143289606458
10,7s,124,2973,4.170871173898419
10,5p,123,2973,4.137235116044399
10,5m,122,2973,4.1035990581903805
10,7m,119,2973,4.002690884628321
10,4p,117,2973,3.9354187689202824
10,2m,116,2973,3.901782711066263
10,3p,115,2973,3.8681466532122437
10,2s,115,2973,3.8681466532122437
10,8s,114,2973,3.834510595358224
10,3m,113,2973,3.8008745375042046
10,3s,113,2973,3.8008745375042046
10,6m,111,2973,3.7336024217961654
10,7p,110,2973,3.699966363942146
10,6p,107,2973,3.5990581903800876
10,6s,105,2973,3.5317860746720484
10,4m,104,2973,3.498150016818029
10,8p,98,2973,3.296333669693912
10,4s,89,2973,2.993609149007736
10,9s,86,2973,2.8927009754456776
10,9p,75,2973,2.522704339051463
10,1m,71,2973,2.388160107635385
10,2p,70,2973,2.3545240497813658
10,1s,63,2973,2.119071644803229
10,9m,53,2973,1.7827110662630339
10,1p,51,2973,1.715438950554995
10,西,43,2973,1.4463504877228388
10,白,41,2973,1.3790783720147999
10,中,37,2973,1.2445341405987218
10,發,35,2973,1.1772620248906829
10,東,24,2973,0.8072653884964682
10,南,23,2973,0.7736293306424487
10,北,23,2973,0.7736293306424487
11,7p,66,1264,5.2215189873417724
11,5m,57,1264,4.5094936708860756
11,6m,57,1264,4.5094936708860756
11,3p,57,1264,4.5094936708860756
11,7m,56,1264,4.430379746835443
11,3s,53,1264,4.193037974683544
11,5p,52,1264,4.113924050632911
11,7s,51,1264,4.034810126582278
11,3m,49,1264,3.8765822784810124
11,8m,49,1264,3.8765822784810124
11,4p,48,1264,3.7974683544303796
11,4m,47,1264,3.7183544303797467
11,4s,46,1264,3.6392405063291138
11,6s,44,1264,3.481012658227848
11,8s,44,1264,3.481012658227848
11,5s,43,1264,3.401898734177215
11,2s,43,1264,3.401898734177215
11,8p,42,1264,3.3227848101265822
11,6p,39,1264,3.0854430379746836
11,2m,39,1264,3.0854430379746836
11,2p,32,1264,2.5316455696202533
11,1m,30,1264,2.3734177215189876
11,9p,30,1264,2.3734177215189876
11,9s,25,1264,1.9778481012658229
11,1s,23,1264,1.8196202531645569
11,中,21,1264,1.6613924050632911
11,發,20,1264,1.5822784810126582
11,9m,20,1264,1.5822784810126582
11,西,20,1264,1.5822784810126582
11,1p,16,1264,1.2658227848101267
11,東,14,1264,1.1075949367088607
11,白,13,1264,1.0284810126582278
11,北,12,1264,0.9493670886075949
11,南,6,1264,0.47468354430379744
